Project,CT1,CT2,CT3,CT4,CT5,CT6
SERVER,14.26736111111111,1.0243055555555556,14.26736111111111,5.694444444444445,5.787152777777778,5.215277777777778
MDL,19.357291666666665,,19.375694444444445,11.065277777777778,11.065277777777778,11.034027777777778
JRACLOUD,59.723958333333336,7.057638888888889,59.723958333333336,8.961805555555555,78.09618055555555,8.041666666666666
